title,description,link,image_url
Темы публикаций для Telegram,Идеи контента для Telegram канала. Темы постов для блогеров. PDF-гайд внутри! Скачивайте и используйте. #идеи_постов #telegrammarketing #контентдляблога #контент #socialmediaideas,https://t.me/non_chaos_tg,https://maximyspraim-alt.github.io/pinterest-rss/images/pin_001.png
Темы контента Telegram,100 идей постов для Telegram. Контент для блогеров и экспертов. Получите 50+ готовых идей для вашего канала! #контентплан #идеи_постов #telegrammarketing #контентдляблога #контент,https://t.me/non_chaos_tg,https://maximyspraim-alt.github.io/pinterest-rss/images/pin_002.png
Форматы постов для Telegram,Контент идеи для Telegram канала. Темы постов для блогеров и экспертов. Больше идей в Telegram: https://t.me/non_chaos_tg #контентдляблога #telegrammarketing #телеграмканал #ведениеблога #контентплан,https://t.me/non_chaos_tg,https://maximyspraim-alt.github.io/pinterest-rss/images/pin_003.png
Контент план для Telegram канала,Темы постов Telegram канал. Контент план для развития канала. Получите 50+ готовых идей для вашего канала! #ведениеблога #telegramtips #контентдляблога #telegram #контент,https://t.me/non_chaos_tg,https://maximyspraim-alt.github.io/pinterest-rss/images/pin_004.png
Что писать в Telegram канале,100 идей постов для Telegram. Контент для блогеров и экспертов. Идеально для экспертов и блогеров! #телеграмканал #socialmediaideas #ведениеблога #telegramtips #telegrammarketing,https://t.me/non_chaos_tg,https://maximyspraim-alt.github.io/pinterest-rss/images/pin_005.png
Контент идеи для Telegram блога,Что публиковать в Telegram канале. 100 идей постов и тем. Скачайте PDF-гайд с готовыми идеями! #telegrammarketing #telegram #socialmediaideas #телеграмканал #идеи_постов,https://t.me/non_chaos_tg,https://maximyspraim-alt.github.io/pinterest-rss/images/pin_006.png
План постов для Telegram,Контент идеи для Telegram канала. Темы постов для блогеров и экспертов. Идеально для экспертов и блогеров! #контентдляблога #идеи_постов #телеграмканал #контент #telegramtips,https://t.me/non_chaos_tg,https://maximyspraim-alt.github.io/pinterest-rss/images/pin_007.png
Идеи контента для Telegram,Идеи публикаций Telegram канал. Контент план. Получите 50+ готовых идей для вашего канала! #telegramtips #telegrammarketing #контент #ведениеблога #идеи_постов,https://t.me/non_chaos_tg,https://maximyspraim-alt.github.io/pinterest-rss/images/pin_008.png
Идеи постов для блогеров Telegram,Контент план Telegram. Идеи постов для канала. Получите 50+ готовых идей для вашего канала! #контентдляблога #telegramtips #контентплан #контент #telegrammarketing,https://t.me/non_chaos_tg,https://maximyspraim-alt.github.io/pinterest-rss/images/pin_009.png
Форматы постов для Telegram,Идеи постов Telegram канал. Контент план для блогеров. Больше идей в Telegram: https://t.me/non_chaos_tg #telegram #telegrammarketing #ведениеблога #telegramtips #контентдляблога,https://t.me/non_chaos_tg,https://maximyspraim-alt.github.io/pinterest-rss/images/pin_010.png
